source_id,time,filter,mag
S251112cm_100Mpc,0.1,g,23.849812976464754
S251112cm_100Mpc,0.1,i,23.785015579191295
S251112cm_100Mpc,0.1,r,23.294756066017147
S251112cm_100Mpc,0.1,u,24.18796532238286
S251112cm_100Mpc,0.1,y,24.917386102201732
S251112cm_100Mpc,0.1,z,24.468796857337516
S251112cm_100Mpc,0.2,g,22.81710762894934
S251112cm_100Mpc,0.2,i,23.377224880265977
S251112cm_100Mpc,0.2,r,22.411251136154366
S251112cm_100Mpc,0.2,u,23.308611259214032
S251112cm_100Mpc,0.2,y,24.39904209021798
S251112cm_100Mpc,0.2,z,23.46370404221981
S251112cm_100Mpc,0.30000000000000004,g,21.53148702780802
S251112cm_100Mpc,0.30000000000000004,i,21.723418432862964
S251112cm_100Mpc,0.30000000000000004,r,21.068390538214764
S251112cm_100Mpc,0.30000000000000004,u,22.439692556317983
S251112cm_100Mpc,0.30000000000000004,y,22.59663942077838
S251112cm_100Mpc,0.30000000000000004,z,21.853510756553586
S251112cm_100Mpc,0.4,g,19.793765789417044
S251112cm_100Mpc,0.4,i,20.080682014309648
S251112cm_100Mpc,0.4,r,19.731052026553982
S251112cm_100Mpc,0.4,u,20.541974104914885
S251112cm_100Mpc,0.4,y,20.732582472732915
S251112cm_100Mpc,0.4,z,20.201795058446315
S251112cm_100Mpc,0.5,g,19.565219428002656
S251112cm_100Mpc,0.5,i,19.795754994447794
S251112cm_100Mpc,0.5,r,19.52488677523123
S251112cm_100Mpc,0.5,u,20.288878093992597
S251112cm_100Mpc,0.5,y,20.264608075927192
S251112cm_100Mpc,0.5,z,20.00813841581996
S251112cm_100Mpc,0.6,g,18.957421734701484
S251112cm_100Mpc,0.6,i,19.096991981537975
S251112cm_100Mpc,0.6,r,18.839964361545924
S251112cm_100Mpc,0.6,u,19.803975757095802
S251112cm_100Mpc,0.6,y,19.371089093525175
S251112cm_100Mpc,0.6,z,19.3197901692548
S251112cm_100Mpc,0.7000000000000001,g,18.79845938766352
S251112cm_100Mpc,0.7000000000000001,i,18.87800218840635
S251112cm_100Mpc,0.7000000000000001,r,18.62877487583391
S251112cm_100Mpc,0.7000000000000001,u,19.66231094597913
S251112cm_100Mpc,0.7000000000000001,y,19.06804848555732
S251112cm_100Mpc,0.7000000000000001,z,19.09889937899647
S251112cm_100Mpc,0.8,g,18.64764175715098
S251112cm_100Mpc,0.8,i,18.56203267121188
S251112cm_100Mpc,0.8,r,18.394705689910424
S251112cm_100Mpc,0.8,u,19.597180234553242
S251112cm_100Mpc,0.8,y,18.704350280902087
S251112cm_100Mpc,0.8,z,18.758748698883068
S251112cm_100Mpc,0.9,g,18.60531468527381
S251112cm_100Mpc,0.9,i,18.44721135795907
S251112cm_100Mpc,0.9,r,18.329828764645583
S251112cm_100Mpc,0.9,u,19.607250628196645
S251112cm_100Mpc,0.9,y,18.60436229040145
S251112cm_100Mpc,0.9,z,18.673555116502094
S251112cm_100Mpc,1.0,g,18.579756539493665
S251112cm_100Mpc,1.0,i,18.33851904037179
S251112cm_100Mpc,1.0,r,18.265784804185536
S251112cm_100Mpc,1.0,u,19.647592002942467
S251112cm_100Mpc,1.0,y,18.501010039240533
S251112cm_100Mpc,1.0,z,18.56952733719087
S251112cm_100Mpc,1.1,g,18.601326844370767
S251112cm_100Mpc,1.1,i,18.29080300304975
S251112cm_100Mpc,1.1,r,18.23333102028956
S251112cm_100Mpc,1.1,u,19.740342519751355
S251112cm_100Mpc,1.1,y,18.40500200643359
S251112cm_100Mpc,1.1,z,18.491720643898717
S251112cm_100Mpc,1.2000000000000002,g,18.6427656031176
S251112cm_100Mpc,1.2000000000000002,i,18.247558929762583
S251112cm_100Mpc,1.2000000000000002,r,18.220682023290237
S251112cm_100Mpc,1.2000000000000002,u,19.87421424302517
S251112cm_100Mpc,1.2000000000000002,y,18.268882323132253
S251112cm_100Mpc,1.2000000000000002,z,18.40048980470447
S251112cm_100Mpc,1.3000000000000003,g,18.675962424606432
S251112cm_100Mpc,1.3000000000000003,i,18.202472758554972
S251112cm_100Mpc,1.3000000000000003,r,18.211448281783916
S251112cm_100Mpc,1.3000000000000003,u,19.999939733239216
S251112cm_100Mpc,1.3000000000000003,y,18.15070003840753
S251112cm_100Mpc,1.3000000000000003,z,18.316403244378478
S251112cm_100Mpc,1.4000000000000001,g,18.7202634615521
S251112cm_100Mpc,1.4000000000000001,i,18.18721519976407
S251112cm_100Mpc,1.4000000000000001,r,18.22019915016663
S251112cm_100Mpc,1.4000000000000001,u,20.14586471089953
S251112cm_100Mpc,1.4000000000000001,y,18.078667815702524
S251112cm_100Mpc,1.4000000000000001,z,18.249393790140996
S251112cm_100Mpc,1.5000000000000002,g,18.793710140532298
S251112cm_100Mpc,1.5000000000000002,i,18.18824742888779
S251112cm_100Mpc,1.5000000000000002,r,18.247602902714057
S251112cm_100Mpc,1.5000000000000002,u,20.340310932141936
S251112cm_100Mpc,1.5000000000000002,y,18.030814683050828
S251112cm_100Mpc,1.5000000000000002,z,18.194067729899377
S251112cm_100Mpc,1.6,g,18.8852839454624
S251112cm_100Mpc,1.6,i,18.195997177674073
S251112cm_100Mpc,1.6,r,18.28388525054
S251112cm_100Mpc,1.6,u,20.57909380736134
S251112cm_100Mpc,1.6,y,17.99982195424441
S251112cm_100Mpc,1.6,z,18.169942271746546
S251112cm_100Mpc,1.7000000000000002,g,18.996646762871155
S251112cm_100Mpc,1.7000000000000002,i,18.21263572757232
S251112cm_100Mpc,1.7000000000000002,r,18.335206352594405
S251112cm_100Mpc,1.7000000000000002,u,20.82615825555809
S251112cm_100Mpc,1.7000000000000002,y,17.97416988516587
S251112cm_100Mpc,1.7000000000000002,z,18.175539538702324
S251112cm_100Mpc,1.8000000000000003,g,19.119092358424716
S251112cm_100Mpc,1.8000000000000003,i,18.23798352621018
S251112cm_100Mpc,1.8000000000000003,r,18.40007047734715
S251112cm_100Mpc,1.8000000000000003,u,21.016702388397484
S251112cm_100Mpc,1.8000000000000003,y,17.94938764890781
S251112cm_100Mpc,1.8000000000000003,z,18.19742733168852
S251112cm_100Mpc,1.9000000000000001,g,19.230285609248362
S251112cm_100Mpc,1.9000000000000001,i,18.26513473474497
S251112cm_100Mpc,1.9000000000000001,r,18.46087216410697
S251112cm_100Mpc,1.9000000000000001,u,21.162930742131337
S251112cm_100Mpc,1.9000000000000001,y,17.93812197352172
S251112cm_100Mpc,1.9000000000000001,z,18.220795023275578
S251112cm_100Mpc,2.0,g,19.33393586033621
S251112cm_100Mpc,2.0,i,18.306767301181836
S251112cm_100Mpc,2.0,r,18.524230954252648
S251112cm_100Mpc,2.0,u,21.305798454986558
S251112cm_100Mpc,2.0,y,17.95399621925166
S251112cm_100Mpc,2.0,z,18.253615059329483
S251112cm_100Mpc,2.1,g,19.451480160420843
S251112cm_100Mpc,2.1,i,18.38126687876048
S251112cm_100Mpc,2.1,r,18.61146439943299
S251112cm_100Mpc,2.1,u,21.462668606527004
S251112cm_100Mpc,2.1,y,17.999023333013184
S251112cm_100Mpc,2.1,z,18.31032402240197
S251112cm_100Mpc,2.2,g,19.59126276180723
S251112cm_100Mpc,2.2,i,18.483410871821754
S251112cm_100Mpc,2.2,r,18.723146153569672
S251112cm_100Mpc,2.2,u,21.64127213396946
S251112cm_100Mpc,2.2,y,18.063371102414017
S251112cm_100Mpc,2.2,z,18.39055497767249
S251112cm_100Mpc,2.3000000000000003,g,19.73699638718375
S251112cm_100Mpc,2.3000000000000003,i,18.582957865406243
S251112cm_100Mpc,2.3000000000000003,r,18.834797868425436
S251112cm_100Mpc,2.3000000000000003,u,21.829493087237864
S251112cm_100Mpc,2.3000000000000003,y,18.126552058427663
S251112cm_100Mpc,2.3000000000000003,z,18.472875776755224
S251112cm_100Mpc,2.4000000000000004,g,19.885777843190105
S251112cm_100Mpc,2.4000000000000004,i,18.67327706804062
S251112cm_100Mpc,2.4000000000000004,r,18.94380820219021
S251112cm_100Mpc,2.4000000000000004,u,22.017604193534282
S251112cm_100Mpc,2.4000000000000004,y,18.183471592456424
S251112cm_100Mpc,2.4000000000000004,z,18.551093662828524
S251112cm_100Mpc,2.5000000000000004,g,20.044309121528407
S251112cm_100Mpc,2.5000000000000004,i,18.768181862415055
S251112cm_100Mpc,2.5000000000000004,r,19.06468420783758
S251112cm_100Mpc,2.5000000000000004,u,22.209259471805783
S251112cm_100Mpc,2.5000000000000004,y,18.244490724251555
S251112cm_100Mpc,2.5000000000000004,z,18.637482214561402
S251112cm_100Mpc,2.6,g,20.21064879344581
S251112cm_100Mpc,2.6,i,18.875885988954202
S251112cm_100Mpc,2.6,r,19.205228203115833
S251112cm_100Mpc,2.6,u,22.404699493803484
S251112cm_100Mpc,2.6,y,18.313842707589817
S251112cm_100Mpc,2.6,z,18.73661415847318
S251112cm_100Mpc,2.7,g,20.374201323892137
S251112cm_100Mpc,2.7,i,18.99142186388902
S251112cm_100Mpc,2.7,r,19.3578545937388
S251112cm_100Mpc,2.7,u,22.589596381953054
S251112cm_100Mpc,2.7,y,18.38414023247939
S251112cm_100Mpc,2.7,z,18.837943054913552
S251112cm_100Mpc,2.8000000000000003,g,20.52736941065198
S251112cm_100Mpc,2.8000000000000003,i,19.10362066874959
S251112cm_100Mpc,2.8000000000000003,r,19.50663635941879
S251112cm_100Mpc,2.8000000000000003,u,22.751215245517635
S251112cm_100Mpc,2.8000000000000003,y,18.448570590857674
S251112cm_100Mpc,2.8000000000000003,z,18.929562400188534
S251112cm_100Mpc,2.9000000000000004,g,20.670354948911598
S251112cm_100Mpc,2.9000000000000004,i,19.20661850200497
S251112cm_100Mpc,2.9000000000000004,r,19.64170774652223
S251112cm_100Mpc,2.9000000000000004,u,22.89028519087719
S251112cm_100Mpc,2.9000000000000004,y,18.50714149696233
S251112cm_100Mpc,2.9000000000000004,z,19.007998181669794
S251112cm_100Mpc,3.0000000000000004,g,20.808348220416544
S251112cm_100Mpc,3.0000000000000004,i,19.30393065907376
S251112cm_100Mpc,3.0000000000000004,r,19.765261381349426
S251112cm_100Mpc,3.0000000000000004,u,23.01813068812941
S251112cm_100Mpc,3.0000000000000004,y,18.56446643103257
S251112cm_100Mpc,3.0000000000000004,z,19.07782043396094
S251112cm_100Mpc,3.1,g,20.94361887620886
S251112cm_100Mpc,3.1,i,19.399598797983778
S251112cm_100Mpc,3.1,r,19.881662659261394
S251112cm_100Mpc,3.1,u,23.14385372657658
S251112cm_100Mpc,3.1,y,18.62335526956256
S251112cm_100Mpc,3.1,z,19.144532528836994
S251112cm_100Mpc,3.2,g,21.070585921583096
S251112cm_100Mpc,3.2,i,19.49053245839645
S251112cm_100Mpc,3.2,r,19.988589634376154
S251112cm_100Mpc,3.2,u,23.264930800860288
S251112cm_100Mpc,3.2,y,18.68073745730252
S251112cm_100Mpc,3.2,z,19.209458222804656
S251112cm_100Mpc,3.3000000000000003,g,21.18465629899787
S251112cm_100Mpc,3.3000000000000003,i,19.572712691439477
S251112cm_100Mpc,3.3000000000000003,r,20.083078780324445
S251112cm_100Mpc,3.3000000000000003,u,23.376667080454133
S251112cm_100Mpc,3.3000000000000003,y,18.733337062914277
S251112cm_100Mpc,3.3000000000000003,z,19.272651977877302
S251112cm_100Mpc,3.4000000000000004,g,21.289873162895752
S251112cm_100Mpc,3.4000000000000004,i,19.64802055812325
S251112cm_100Mpc,3.4000000000000004,r,20.168379149203474
S251112cm_100Mpc,3.4000000000000004,u,23.482005421256552
S251112cm_100Mpc,3.4000000000000004,y,18.7830051337717
S251112cm_100Mpc,3.4000000000000004,z,19.336449528136747
S251112cm_100Mpc,3.5000000000000004,g,21.39318997769164
S251112cm_100Mpc,3.5000000000000004,i,19.72062376122055
S251112cm_100Mpc,3.5000000000000004,r,20.24995574022958
S251112cm_100Mpc,3.5000000000000004,u,23.586242695409293
S251112cm_100Mpc,3.5000000000000004,y,18.8334678792787
S251112cm_100Mpc,3.5000000000000004,z,19.40345948493537
S251112cm_100Mpc,3.6,g,21.49631266930818
S251112cm_100Mpc,3.6,i,19.791551912537948
S251112cm_100Mpc,3.6,r,20.32941191545712
S251112cm_100Mpc,3.6,u,23.689586163298383
S251112cm_100Mpc,3.6,y,18.885572855347583
S251112cm_100Mpc,3.6,z,19.47290446733318
S251112cm_100Mpc,3.7,g,21.59434401857178
S251112cm_100Mpc,3.7,i,19.85793214644165
S251112cm_100Mpc,3.7,r,20.403595206070385
S251112cm_100Mpc,3.7,u,23.78668135413195
S251112cm_100Mpc,3.7,y,18.936537711962387
S251112cm_100Mpc,3.7,z,19.54015481800097
S251112cm_100Mpc,3.8000000000000003,g,21.68302001987773
S251112cm_100Mpc,3.8000000000000003,i,19.917529494204956
S251112cm_100Mpc,3.8000000000000003,r,20.470074573221687
S251112cm_100Mpc,3.8000000000000003,u,23.873728049989396
S251112cm_100Mpc,3.8000000000000003,y,18.983901691301202
S251112cm_100Mpc,3.8000000000000003,z,19.601409251159772
S251112cm_100Mpc,3.9000000000000004,g,21.764556710239415
S251112cm_100Mpc,3.9000000000000004,i,19.972294994624463
S251112cm_100Mpc,3.9000000000000004,r,20.53145752969319
S251112cm_100Mpc,3.9000000000000004,u,23.95368994415645
S251112cm_100Mpc,3.9000000000000004,y,19.028747503761164
S251112cm_100Mpc,3.9000000000000004,z,19.657417357304727
S251112cm_100Mpc,4.0,g,21.845138581899036
S251112cm_100Mpc,4.0,i,20.026678190139368
S251112cm_100Mpc,4.0,r,20.593315753531
S251112cm_100Mpc,4.0,u,24.03342860092373
S251112cm_100Mpc,4.0,y,19.074390331779057
S251112cm_100Mpc,4.0,z,19.71177867082098
S251112cm_100Mpc,4.1,g,21.92957159386627
S251112cm_100Mpc,4.1,i,20.0841261275233
S251112cm_100Mpc,4.1,r,20.65988505857802
S251112cm_100Mpc,4.1,u,24.11801976775933
S251112cm_100Mpc,4.1,y,19.12339032987655
S251112cm_100Mpc,4.1,z,19.76749734395453
S251112cm_100Mpc,4.2,g,22.01819612877455
S251112cm_100Mpc,4.2,i,20.144986001718504
S251112cm_100Mpc,4.2,r,20.73147379434495
S251112cm_100Mpc,4.2,u,24.207245978411247
S251112cm_100Mpc,4.2,y,19.17563025659382
S251112cm_100Mpc,4.2,z,19.825066608760878
S251112cm_100Mpc,4.3,g,22.107330896043045
S251112cm_100Mpc,4.3,i,20.206760477573525
S251112cm_100Mpc,4.3,r,20.804802230330825
S251112cm_100Mpc,4.3,u,24.29613713053773
S251112cm_100Mpc,4.3,y,19.228468450719518
S251112cm_100Mpc,4.3,z,19.882687606065243
S251112cm_100Mpc,4.3999999999999995,g,22.192573319636555
S251112cm_100Mpc,4.3999999999999995,i,20.266382187593425
S251112cm_100Mpc,4.3999999999999995,r,20.87585933701049
S251112cm_100Mpc,4.3999999999999995,u,24.37908249792515
S251112cm_100Mpc,4.3999999999999995,y,19.278831281279686
S251112cm_100Mpc,4.3999999999999995,z,19.938079174085804
S251112cm_100Mpc,4.5,g,22.271856292478788
S251112cm_100Mpc,4.5,i,20.32236246746225
S251112cm_100Mpc,4.5,r,20.942605233595998
S251112cm_100Mpc,4.5,u,24.4536735494952
S251112cm_100Mpc,4.5,y,19.325243286231753
S251112cm_100Mpc,4.5,z,19.990161457427917
S251112cm_100Mpc,4.6,g,22.345920728478827
S251112cm_100Mpc,4.6,i,20.375132948179903
S251112cm_100Mpc,4.6,r,21.005393138518965
S251112cm_100Mpc,4.6,u,24.52122658351803
S251112cm_100Mpc,4.6,y,19.368135438031313
S251112cm_100Mpc,4.6,z,20.03932514715097
S251112cm_100Mpc,4.7,g,22.417092203769275
S251112cm_100Mpc,4.7,i,20.42617567652113
S251112cm_100Mpc,4.7,r,21.06588448829538
S251112cm_100Mpc,4.7,u,24.58510602818365
S251112cm_100Mpc,4.7,y,19.40899066460156
S251112cm_100Mpc,4.7,z,20.08680051562291
S251112cm_100Mpc,4.8,g,22.48806682060219
S251112cm_100Mpc,4.8,i,20.477182950091652
S251112cm_100Mpc,4.8,r,21.12599969706799
S251112cm_100Mpc,4.8,u,24.64910314416997
S251112cm_100Mpc,4.8,y,19.44950521939613
S251112cm_100Mpc,4.8,z,20.13400260072707
S251112cm_100Mpc,4.9,g,22.56119736006329
S251112cm_100Mpc,4.9,i,20.52958690290952
S251112cm_100Mpc,4.9,r,21.18734887221292
S251112cm_100Mpc,4.9,u,24.71649645536348
S251112cm_100Mpc,4.9,y,19.491138374125853
S251112cm_100Mpc,4.9,z,20.182165211287067
S251112cm_100Mpc,5.0,g,22.637999143886752
S251112cm_100Mpc,5.0,i,20.584265344284894
S251112cm_100Mpc,5.0,r,21.25090894956303
S251112cm_100Mpc,5.0,u,24.789433597996553
S251112cm_100Mpc,5.0,y,19.534836258435664
S251112cm_100Mpc,5.0,z,20.232067419940268
S251112cm_100Mpc,5.1,g,22.71865172201752
S251112cm_100Mpc,5.1,i,20.641254835281377
S251112cm_100Mpc,5.1,r,21.316715088413844
S251112cm_100Mpc,5.1,u,24.86831866215736
S251112cm_100Mpc,5.1,y,19.58076954286896
S251112cm_100Mpc,5.1,z,20.28377031741647
S251112cm_100Mpc,5.2,g,22.801687374288754
S251112cm_100Mpc,5.2,i,20.699573273098856
S251112cm_100Mpc,5.2,r,21.3836811929161
S251112cm_100Mpc,5.2,u,24.95144907876875
S251112cm_100Mpc,5.2,y,19.628182384672435
S251112cm_100Mpc,5.2,z,20.33644611448203
S251112cm_100Mpc,5.3,g,22.88429851215867
S251112cm_100Mpc,5.3,i,20.757416359789858
S251112cm_100Mpc,5.3,r,21.449818462266457
S251112cm_100Mpc,5.3,u,25.03540394931982
S251112cm_100Mpc,5.3,y,19.675560033870152
S251112cm_100Mpc,5.3,z,20.38854035715844
S251112cm_100Mpc,5.4,g,22.963341069522752
S251112cm_100Mpc,5.4,i,20.812770292347032
S251112cm_100Mpc,5.4,r,21.51293254556043
S251112cm_100Mpc,5.4,u,25.116308797358577
S251112cm_100Mpc,5.4,y,19.721183084231903
S251112cm_100Mpc,5.4,z,20.4383191109514
S251112cm_100Mpc,5.5,g,23.03655676263488
S251112cm_100Mpc,5.5,i,20.86416148482607
S251112cm_100Mpc,5.5,r,21.571446005221333
S251112cm_100Mpc,5.5,u,25.19133581216069
S251112cm_100Mpc,5.5,y,19.763786911624507
S251112cm_100Mpc,5.5,z,20.484521760671505
S251112cm_100Mpc,5.6,g,23.103261142776333
S251112cm_100Mpc,5.6,i,20.911079810886484
S251112cm_100Mpc,5.6,r,21.62487656077748
S251112cm_100Mpc,5.6,u,25.25959409917547
S251112cm_100Mpc,5.6,y,19.802952784500498
S251112cm_100Mpc,5.6,z,20.52674676048402
S251112cm_100Mpc,5.7,g,23.16432150294585
S251112cm_100Mpc,5.7,i,20.953965553319286
S251112cm_100Mpc,5.7,r,21.673818327124238
S251112cm_100Mpc,5.7,u,25.322082742336605
S251112cm_100Mpc,5.7,y,19.839095195791334
S251112cm_100Mpc,5.7,z,20.56543231443098
S251112cm_100Mpc,5.8,g,23.221673095024684
S251112cm_100Mpc,5.8,i,20.99391769993919
S251112cm_100Mpc,5.8,r,21.719619176415726
S251112cm_100Mpc,5.8,u,25.381121594951274
S251112cm_100Mpc,5.8,y,19.873210614588636
S251112cm_100Mpc,5.8,z,20.60159720574354
S251112cm_100Mpc,5.9,g,23.277779350198195
S251112cm_100Mpc,5.9,i,21.032362703404356
S251112cm_100Mpc,5.9,r,21.76400682317642
S251112cm_100Mpc,5.9,u,25.43967611689189
S251112cm_100Mpc,5.9,y,19.90658524252617
S251112cm_100Mpc,5.9,z,20.636548285557986
S251112cm_100Mpc,6.0,g,23.33516398197355
S251112cm_100Mpc,6.0,i,21.07077215299393
S251112cm_100Mpc,6.0,r,21.808768300633293
S251112cm_100Mpc,6.0,u,25.500805984091887
S251112cm_100Mpc,6.0,y,19.940547237947868
S251112cm_100Mpc,6.0,z,20.67162909184757
S251112cm_100Mpc,6.1,g,23.395995742484487
S251112cm_100Mpc,6.1,i,21.110419226257314
S251112cm_100Mpc,6.1,r,21.855446076512067
S251112cm_100Mpc,6.1,u,25.56712804899081
S251112cm_100Mpc,6.1,y,19.976227814626874
S251112cm_100Mpc,6.1,z,20.70799410078663
S251112cm_100Mpc,6.2,g,23.46165155327029
S251112cm_100Mpc,6.2,i,21.15212256012625
S251112cm_100Mpc,6.2,r,21.90502089167054
S251112cm_100Mpc,6.2,u,25.640284804707726
S251112cm_100Mpc,6.2,y,20.014330828091303
S251112cm_100Mpc,6.2,z,20.746382659823396
S251112cm_100Mpc,6.3,g,23.532339857092744
S251112cm_100Mpc,6.3,i,21.19602113922559
S251112cm_100Mpc,6.3,r,21.957623980997422
S251112cm_100Mpc,6.3,u,25.72046548809763
S251112cm_100Mpc,6.3,y,20.054910835951176
S251112cm_100Mpc,6.3,z,20.78690892888882
S251112cm_100Mpc,6.4,g,23.60699916823487
S251112cm_100Mpc,6.4,i,21.241521574818368
S251112cm_100Mpc,6.4,r,22.012466047721354
S251112cm_100Mpc,6.4,u,25.806287473637866
S251112cm_100Mpc,6.4,y,20.097321817609124
S251112cm_100Mpc,6.4,z,20.829020790595774
S251112cm_100Mpc,6.5,g,23.683691841589162
S251112cm_100Mpc,6.5,i,21.28752668505674
S251112cm_100Mpc,6.5,r,22.06811874148579
S251112cm_100Mpc,6.5,u,25.895280241225265
S251112cm_100Mpc,6.5,y,20.140434928109983
S251112cm_100Mpc,6.5,z,20.87169789731294
S251112cm_100Mpc,6.6,g,23.760392233385012
S251112cm_100Mpc,6.6,i,21.33288917405019
S251112cm_100Mpc,6.6,r,22.123101453253717
S251112cm_100Mpc,6.6,u,25.984880354795074
S251112cm_100Mpc,6.6,y,20.18307766462076
S251112cm_100Mpc,6.6,z,20.913877744541892
S251112cm_100Mpc,6.7,g,23.83576911340689
S251112cm_100Mpc,6.7,i,21.376872930633184
S251112cm_100Mpc,6.7,r,22.176457698453195
S251112cm_100Mpc,6.7,u,26.073411848197985
S251112cm_100Mpc,6.7,y,20.224477894515147
S251112cm_100Mpc,6.7,z,20.954872985436143
S251112cm_100Mpc,6.8,g,23.909554703403323
S251112cm_100Mpc,6.8,i,21.419364336479997
S251112cm_100Mpc,6.8,r,22.228028178067007
S251112cm_100Mpc,6.8,u,26.16053418840923
S251112cm_100Mpc,6.8,y,20.26446947512181
S251112cm_100Mpc,6.8,z,20.99456519686904
S251112cm_100Mpc,6.9,g,23.98241410599398
S251112cm_100Mpc,6.9,i,21.460800844974244
S251112cm_100Mpc,6.9,r,22.27835766730324
S251112cm_100Mpc,6.9,u,26.247090155470865
S251112cm_100Mpc,6.9,y,20.30342104696895
S251112cm_100Mpc,6.9,z,21.03334185161551
S251112cm_100Mpc,7.0,g,24.055522707703226
S251112cm_100Mpc,7.0,i,21.50193026794834
S251112cm_100Mpc,7.0,r,22.328386658623973
S251112cm_100Mpc,7.0,u,26.33455568375398
S251112cm_100Mpc,7.0,y,20.34200732699195
S251112cm_100Mpc,7.0,z,21.071872540750533
S251112cm_100Mpc,7.1,g,24.130087768917683
S251112cm_100Mpc,7.1,i,21.543532846580675
S251112cm_100Mpc,7.1,r,22.37909672311855
S251112cm_100Mpc,7.1,u,26.424420607618455
S251112cm_100Mpc,7.1,y,20.38092938979758
S251112cm_100Mpc,7.1,z,21.110850875083933
S251112cm_100Mpc,7.2,g,24.206949175219396
S251112cm_100Mpc,7.2,i,21.586194254425358
S251112cm_100Mpc,7.2,r,22.431223340890195
S251112cm_100Mpc,7.2,u,26.51769125649014
S251112cm_100Mpc,7.2,y,20.420700908684278
S251112cm_100Mpc,7.2,z,21.150787765645227
S251112cm_100Mpc,7.3,g,24.28634374656704
S251112cm_100Mpc,7.3,i,21.630168498757975
S251112cm_100Mpc,7.3,r,22.485076981073355
S251112cm_100Mpc,7.3,u,26.614567732090265
S251112cm_100Mpc,7.3,y,20.46151112028555
S251112cm_100Mpc,7.3,z,21.1918837518179
S251112cm_100Mpc,7.4,g,24.367821481864606
S251112cm_100Mpc,7.4,i,21.675330247694934
S251112cm_100Mpc,7.4,r,22.5404890438391
S251112cm_100Mpc,7.4,u,26.71435292116475
S251112cm_100Mpc,7.4,y,20.503179245065468
S251112cm_100Mpc,7.4,z,21.233983499623843
S251112cm_100Mpc,7.5,g,24.45035922061144
S251112cm_100Mpc,7.5,i,21.72122907930656
S251112cm_100Mpc,7.5,r,22.596879475907897
S251112cm_100Mpc,7.5,u,26.815581623858762
S251112cm_100Mpc,7.5,y,20.545208515948826
S251112cm_100Mpc,7.5,z,21.27663028763106
S251112cm_100Mpc,7.6,g,24.53262141345496
S251112cm_100Mpc,7.6,i,21.76723764981604
S251112cm_100Mpc,7.6,r,22.653437808049716
S251112cm_100Mpc,7.6,u,26.916386283447334
S251112cm_100Mpc,7.6,y,20.58692792425677
S251112cm_100Mpc,7.6,z,21.319201239598776
S251112cm_100Mpc,7.7,g,24.613275593199788
S251112cm_100Mpc,7.7,i,21.81272090449096
S251112cm_100Mpc,7.7,r,22.709348453421963
S251112cm_100Mpc,7.7,u,27.014909267593094
S251112cm_100Mpc,7.7,y,20.62767101997944
S251112cm_100Mpc,7.7,z,21.361070492944222
S251112cm_100Mpc,7.8,g,24.69129536414102
S251112cm_100Mpc,7.8,i,21.857202260456653
S251112cm_100Mpc,7.8,r,22.763989012757698
S251112cm_100Mpc,7.8,u,27.109705560144896
S251112cm_100Mpc,7.8,y,20.666924713686917
S251112cm_100Mpc,7.8,z,21.4017576880278
S251112cm_100Mpc,7.9,g,24.766129033443864
S251112cm_100Mpc,7.9,i,21.900456970870938
S251112cm_100Mpc,7.9,r,22.81706183959866
S251112cm_100Mpc,7.9,u,27.19997463334469
S251112cm_100Mpc,7.9,y,20.704436400954798
S251112cm_100Mpc,7.9,z,21.441027084991248
S251112cm_100Mpc,8.0,g,24.83774672595477
S251112cm_100Mpc,8.0,i,21.942535706339832
S251112cm_100Mpc,8.0,r,22.868612995322195
S251112cm_100Mpc,8.0,u,27.285613598918154
S251112cm_100Mpc,8.0,y,20.74022976751049
S251112cm_100Mpc,8.0,z,21.47889748752496
S251112cm_100Mpc,8.1,g,24.906574390667046
S251112cm_100Mpc,8.1,i,21.983731870180353
S251112cm_100Mpc,8.1,r,22.918994709249308
S251112cm_100Mpc,8.1,u,27.367139065475918
S251112cm_100Mpc,8.1,y,20.774573620215577
S251112cm_100Mpc,8.1,z,21.515619552144152
S251112cm_100Mpc,8.2,g,24.973390537079435
S251112cm_100Mpc,8.2,i,22.024516974623847
S251112cm_100Mpc,8.2,r,22.96879222281319
S251112cm_100Mpc,8.2,u,27.44554055281013
S251112cm_100Mpc,8.2,y,20.807920895449115
S251112cm_100Mpc,8.2,z,21.551612832886377
S251112cm_100Mpc,8.3,g,25.03919185652374
S251112cm_100Mpc,8.3,i,22.065471958003663
S251112cm_100Mpc,8.3,r,23.018726644895445
S251112cm_100Mpc,8.3,u,27.52209746902258
S251112cm_100Mpc,8.3,y,20.84083827125212
S251112cm_100Mpc,8.3,z,21.58739983975094
S251112cm_100Mpc,8.4,g,25.105078252104228
S251112cm_100Mpc,8.4,i,22.107224423588292
S251112cm_100Mpc,8.4,r,23.069577112347798
S251112cm_100Mpc,8.4,u,27.598234767098084
S251112cm_100Mpc,8.4,y,20.873942506824818
S251112cm_100Mpc,8.4,z,21.623545851090004
S251112cm_100Mpc,8.5,g,25.1721301156132
S251112cm_100Mpc,8.5,i,22.150375990945143
S251112cm_100Mpc,8.5,r,23.122099440719833
S251112cm_100Mpc,8.5,u,27.675361600195032
S251112cm_100Mpc,8.5,y,20.90783931520495
S251112cm_100Mpc,8.5,z,21.660603420100987
S251112cm_100Mpc,8.6,g,25.241295285142517
S251112cm_100Mpc,8.6,i,22.195449317875692
S251112cm_100Mpc,8.6,r,23.17694086773969
S251112cm_100Mpc,8.6,u,27.754717341406618
S251112cm_100Mpc,8.6,y,20.9430541488517
S251112cm_100Mpc,8.6,z,21.6990488872356
S251112cm_100Mpc,8.7,g,25.313251053040805
S251112cm_100Mpc,8.7,i,22.242803542886975
S251112cm_100Mpc,8.7,r,23.234554994905608
S251112cm_100Mpc,8.7,u,27.837202903844066
S251112cm_100Mpc,8.7,y,20.979968594779685
S251112cm_100Mpc,8.7,z,21.73922214481845
S251112cm_100Mpc,8.8,g,25.388272798932466
S251112cm_100Mpc,8.8,i,22.292570001322705
S251112cm_100Mpc,8.8,r,23.295100694621222
S251112cm_100Mpc,8.8,u,27.92320600853464
S251112cm_100Mpc,8.8,y,21.018746709471053
S251112cm_100Mpc,8.8,z,21.78126033010941
S251112cm_100Mpc,8.9,g,25.466137227622582
S251112cm_100Mpc,8.9,i,22.34459469363411
S251112cm_100Mpc,8.9,r,23.35838304901722
S251112cm_100Mpc,8.9,u,28.012487178156913
S251112cm_100Mpc,8.9,y,21.059284151555293
S251112cm_100Mpc,8.9,z,21.825055903386726
S251112cm_100Mpc,9.0,g,25.546097382540978
S251112cm_100Mpc,9.0,i,22.39843195833989
S251112cm_100Mpc,9.0,r,23.42383559809738
S251112cm_100Mpc,9.0,u,28.104143487615225
S251112cm_100Mpc,9.0,y,21.101200457990252
S251112cm_100Mpc,9.0,z,21.870243473475636
S251112cm_100Mpc,9.1,g,25.626977783713752
S251112cm_100Mpc,9.1,i,22.453389562398854
S251112cm_100Mpc,9.1,r,23.49058419424022
S251112cm_100Mpc,9.1,u,28.19672608915114
S251112cm_100Mpc,9.1,y,21.143882643025037
S251112cm_100Mpc,9.1,z,21.91624537761769
S251112cm_100Mpc,9.2,g,25.70737428352678
S251112cm_100Mpc,9.2,i,22.508649413714636
S251112cm_100Mpc,9.2,r,23.557594384679348
S251112cm_100Mpc,9.2,u,28.288499313764227
S251112cm_100Mpc,9.2,y,21.18659435566478
S251112cm_100Mpc,9.2,z,21.96237172290634
S251112cm_100Mpc,9.3,g,25.78592083847076
S251112cm_100Mpc,9.3,i,22.563411710148404
S251112cm_100Mpc,9.3,r,23.623854672214378
S251112cm_100Mpc,9.3,u,28.377783528506527
S251112cm_100Mpc,9.3,y,21.22861611837552
S251112cm_100Mpc,9.3,z,22.00795181379753
S251112cm_100Mpc,9.4,g,25.86154418727136
S251112cm_100Mpc,9.4,i,22.61703692406266
S251112cm_100Mpc,9.4,r,23.688556086065844
S251112cm_100Mpc,9.4,u,28.463265213992248
S251112cm_100Mpc,9.4,y,21.269377953040824
S251112cm_100Mpc,9.4,z,22.052452232884228
S251112cm_100Mpc,9.5,g,25.933621911592052
S251112cm_100Mpc,9.5,i,22.66913702717169
S251112cm_100Mpc,9.5,r,23.75120739253615
S251112cm_100Mpc,9.5,u,28.544209254177606
S251112cm_100Mpc,9.5,y,21.308545006623653
S251112cm_100Mpc,9.5,z,22.095558005129746
S251112cm_100Mpc,9.6,g,26.00203554844372
S251112cm_100Mpc,9.6,i,22.719603317493824
S251112cm_100Mpc,9.6,r,23.81166667543717
S251112cm_100Mpc,9.6,u,28.620530043776405
S251112cm_100Mpc,9.6,y,21.346046776691246
S251112cm_100Mpc,9.6,z,22.137199140105466
S251112cm_100Mpc,9.700000000000001,g,26.067128991307015
S251112cm_100Mpc,9.700000000000001,i,22.76858378073991
S251112cm_100Mpc,9.700000000000001,r,23.870116980243186
S251112cm_100Mpc,9.700000000000001,u,28.692720600047835
S251112cm_100Mpc,9.700000000000001,y,21.38205127308228
S251112cm_100Mpc,9.700000000000001,z,22.177529179898244
S251112cm_100Mpc,9.8,g,26.129593174196934
S251112cm_100Mpc,9.8,i,22.81642333527573
S251112cm_100Mpc,9.8,r,23.926983778170573
S251112cm_100Mpc,9.8,u,28.76172334815845
S251112cm_100Mpc,9.8,y,21.41690804118115
S251112cm_100Mpc,9.8,z,22.216872993277427
S251112cm_100Mpc,9.9,g,26.19034541784499
S251112cm_100Mpc,9.9,i,22.863588804881168
S251112cm_100Mpc,9.9,r,23.98285281340462
S251112cm_100Mpc,9.9,u,28.82877124311066
S251112cm_100Mpc,9.9,y,21.451084995546793
S251112cm_100Mpc,9.9,z,22.25566077437673
S251112cm_100Mpc,10.0,g,26.25040401963778
S251112cm_100Mpc,10.0,i,22.910607977884155
S251112cm_100Mpc,10.0,r,24.038384590088047
S251112cm_100Mpc,10.0,u,28.895215570717
S251112cm_100Mpc,10.0,y,21.485100564026716
S251112cm_100Mpc,10.0,z,22.29437855921563
S251112cm_100Mpc,10.1,g,26.31077597763715
S251112cm_100Mpc,10.1,i,22.958002575285363
S251112cm_100Mpc,10.1,r,24.094229682303546
S251112cm_100Mpc,10.1,u,28.962385514312533
S251112cm_100Mpc,10.1,y,21.519465566200346
S251112cm_100Mpc,10.1,z,22.333500450940946
S251112cm_100Mpc,10.200000000000001,g,26.3723560152398
S251112cm_100Mpc,10.200000000000001,i,23.006233312794052
S251112cm_100Mpc,10.200000000000001,r,24.150969589215066
S251112cm_100Mpc,10.200000000000001,u,29.0314494434609
S251112cm_100Mpc,10.200000000000001,y,21.554629999390013
S251112cm_100Mpc,10.200000000000001,z,22.37344792466581
S251112cm_100Mpc,10.3,g,26.43583817113764
S251112cm_100Mpc,10.3,i,23.05565183740736
S251112cm_100Mpc,10.3,r,24.209050226484788
S251112cm_100Mpc,10.3,u,29.10329307860832
S251112cm_100Mpc,10.3,y,21.590936998181505
S251112cm_100Mpc,10.3,z,22.414536813792594
S251112cm_100Mpc,10.4,g,26.50162745196257
S251112cm_100Mpc,10.4,i,23.10645289703282
S251112cm_100Mpc,10.4,r,24.26872681617408
S251112cm_100Mpc,10.4,u,29.178405346649498
S251112cm_100Mpc,10.4,y,21.628576553580597
S251112cm_100Mpc,10.4,z,22.456941164548713
S251112cm_100Mpc,10.5,g,26.5697959671899
S251112cm_100Mpc,10.5,i,23.158649930625486
S251112cm_100Mpc,10.5,r,24.33003298529445
S251112cm_100Mpc,10.5,u,29.256794342996084
S251112cm_100Mpc,10.5,y,21.66756354316353
S251112cm_100Mpc,10.5,z,22.50066184902785
S251112cm_100Mpc,10.6,g,26.640054055234124
S251112cm_100Mpc,10.6,i,23.21205759213963
S251112cm_100Mpc,10.6,r,24.392759098840834
S251112cm_100Mpc,10.6,u,29.337970792620055
S251112cm_100Mpc,10.6,y,21.707719855349396
S251112cm_100Mpc,10.6,z,22.545519716600538
S251112cm_100Mpc,10.700000000000001,g,26.71180077943234
S251112cm_100Mpc,10.700000000000001,i,23.26631882522053
S251112cm_100Mpc,10.700000000000001,r,24.456489586472152
S251112cm_100Mpc,10.700000000000001,u,29.42099276707337
S251112cm_100Mpc,10.700000000000001,y,21.74870092438566
S251112cm_100Mpc,10.700000000000001,z,22.59116977668586
S251112cm_100Mpc,10.8,g,26.784205526160594
S251112cm_100Mpc,10.8,i,23.32095197756296
S251112cm_100Mpc,10.8,r,24.520652886978205
S251112cm_100Mpc,10.8,u,29.50459960464828
S251112cm_100Mpc,10.8,y,21.79004089314222
S251112cm_100Mpc,10.8,z,22.63715352047104
S251112cm_100Mpc,10.9,g,26.856351411577386
S251112cm_100Mpc,10.9,i,23.375423599238573
S251112cm_100Mpc,10.9,r,24.584618737926046
S251112cm_100Mpc,10.9,u,29.58739845316713
S251112cm_100Mpc,10.9,y,21.831222577006955
S251112cm_100Mpc,10.9,z,22.682966613166137
S251112cm_100Mpc,11.0,g,26.927386264041488
S251112cm_100Mpc,11.0,i,23.42923418621012
S251112cm_100Mpc,11.0,r,24.64779814629745
S251112cm_100Mpc,11.0,u,29.66808533899311
S251112cm_100Mpc,11.0,y,21.871762843365637
S251112cm_100Mpc,11.0,z,22.728135894438477
S251112cm_100Mpc,11.1,g,26.996657224487755
S251112cm_100Mpc,11.1,i,23.481990567871872
S251112cm_100Mpc,11.1,r,24.709729887223524
S251112cm_100Mpc,11.1,u,29.745621346418478
S251112cm_100Mpc,11.1,y,21.911274386143994
S251112cm_100Mpc,11.1,z,22.77228446169014
S251112cm_100Mpc,11.200000000000001,g,27.063791599161426
S251112cm_100Mpc,11.200000000000001,i,23.5334460210669
S251112cm_100Mpc,11.200000000000001,r,24.770136387451398
S251112cm_100Mpc,11.200000000000001,u,29.819352443088608
S251112cm_100Mpc,11.200000000000001,y,21.949515597171143
S251112cm_100Mpc,11.200000000000001,z,22.81517746563673
S251112cm_100Mpc,11.3,g,27.128725502721593
S251112cm_100Mpc,11.3,i,23.583526603176086
S251112cm_100Mpc,11.3,r,24.82894447331428
S251112cm_100Mpc,11.3,u,29.889063555413053
S251112cm_100Mpc,11.3,y,21.986401944360797
S251112cm_100Mpc,11.3,z,22.85673927636913
S251112cm_100Mpc,11.4,g,27.191690552313446
S251112cm_100Mpc,11.4,i,23.632308262448245
S251112cm_100Mpc,11.4,r,24.8862689903331
S251112cm_100Mpc,11.4,u,29.954927247679805
S251112cm_100Mpc,11.4,y,22.02199984685114
S251112cm_100Mpc,11.4,z,22.897036854755825
S251112cm_100Mpc,11.5,g,27.253142325535386
S251112cm_100Mpc,11.5,i,23.67999476905765
S251112cm_100Mpc,11.5,r,24.942378559443434
S251112cm_100Mpc,11.5,u,30.017442881671464
S251112cm_100Mpc,11.5,y,22.05649446288963
S251112cm_100Mpc,11.5,z,22.936256550477324
S251112cm_100Mpc,11.6,g,27.31369461721824
S251112cm_100Mpc,11.6,i,23.72687310116781
S251112cm_100Mpc,11.6,r,24.997644342243564
S251112cm_100Mpc,11.6,u,30.07732478655468
S251112cm_100Mpc,11.6,y,22.090147505327003
S251112cm_100Mpc,11.6,z,22.97466268638421
S251112cm_100Mpc,11.700000000000001,g,27.374044953397906
S251112cm_100Mpc,11.700000000000001,i,23.77327761817726
S251112cm_100Mpc,11.700000000000001,r,25.05249883508087
S251112cm_100Mpc,11.700000000000001,u,30.13540880327859
S251112cm_100Mpc,11.700000000000001,y,22.123272114160088
S251112cm_100Mpc,11.700000000000001,z,23.01256233319154
S251112cm_100Mpc,11.8,g,27.43489645134777
S251112cm_100Mpc,11.8,i,23.819548321200024
S251112cm_100Mpc,11.8,r,25.107374471225953
S251112cm_100Mpc,11.8,u,30.192547681448694
S251112cm_100Mpc,11.8,y,22.156185730575654
S251112cm_100Mpc,11.8,z,23.050272958188426
S251112cm_100Mpc,11.9,g,27.496905261358563
S251112cm_100Mpc,11.9,i,23.866007067323586
S251112cm_100Mpc,11.9,r,25.162686458159833
S251112cm_100Mpc,11.9,u,30.24955196459185
S251112cm_100Mpc,11.9,y,22.189189635919924
S251112cm_100Mpc,11.9,z,23.08809191295765
S251112cm_100Mpc,12.0,g,27.560623198848273
S251112cm_100Mpc,12.0,i,23.91292874640276
S251112cm_100Mpc,12.0,r,25.218790253660675
S251112cm_100Mpc,12.0,u,30.307109714183145
S251112cm_100Mpc,12.0,y,22.222541076490714
S251112cm_100Mpc,12.0,z,23.126274433767414
S251112cm_100Mpc,12.1,g,27.626463132733175
S251112cm_100Mpc,12.1,i,23.960523172517288
S251112cm_100Mpc,12.1,r,25.275956148899784
S251112cm_100Mpc,12.1,u,30.36574744899902
S251112cm_100Mpc,12.1,y,22.256438838350967
S251112cm_100Mpc,12.1,z,23.165013486929524
S251112cm_100Mpc,12.200000000000001,g,27.694666665637243
S251112cm_100Mpc,12.200000000000001,i,24.008923183811806
S251112cm_100Mpc,12.200000000000001,r,25.33436273945006
S251112cm_100Mpc,12.200000000000001,u,30.425806606003253
S251112cm_100Mpc,12.200000000000001,y,22.291010950030245
S251112cm_100Mpc,12.200000000000001,z,23.204435658565487
S251112cm_100Mpc,12.3,g,27.765296657476895
S251112cm_100Mpc,12.3,i,24.058174680017828
S251112cm_100Mpc,12.3,r,25.394081629906637
S251112cm_100Mpc,12.3,u,30.487413214999602
S251112cm_100Mpc,12.3,y,22.326309660986983
S251112cm_100Mpc,12.3,z,23.244586204796594
S251112cm_100Mpc,12.4,g,27.838224977652672
S251112cm_100Mpc,12.4,i,24.108241835012386
S251112cm_100Mpc,12.4,r,25.45507788911203
S251112cm_100Mpc,12.4,u,30.550487822894876
S251112cm_100Mpc,12.4,y,22.36230750238584
S251112cm_100Mpc,12.4,z,23.285435667455747
S251112cm_100Mpc,12.5,g,27.913156298683404
S251112cm_100Mpc,12.5,i,24.15900981131408
S251112cm_100Mpc,12.5,r,25.517221822991132
S251112cm_100Mpc,12.5,u,30.614757999005754
S251112cm_100Mpc,12.5,y,22.398908872075665
S251112cm_100Mpc,12.5,z,23.326880143611234
S251112cm_100Mpc,12.6,g,27.989651819650025
S251112cm_100Mpc,12.6,i,24.210302089971407
S251112cm_100Mpc,12.6,r,25.580303068322124
S251112cm_100Mpc,12.6,u,30.679787355173556
S251112cm_100Mpc,12.6,y,22.435956962642845
S251112cm_100Mpc,12.6,z,23.368757900199498
S251112cm_100Mpc,12.700000000000001,g,28.067175784558927
S251112cm_100Mpc,12.700000000000001,i,24.261896290058996
S251112cm_100Mpc,12.700000000000001,r,25.64406063725801
S251112cm_100Mpc,12.700000000000001,u,30.74502948605702
S251112cm_100Mpc,12.700000000000001,y,22.47325488639678
S251112cm_100Mpc,12.700000000000001,z,23.410868079540236
S251112cm_100Mpc,12.8,g,28.145146388966058
S251112cm_100Mpc,12.8,i,24.313546767587265
S251112cm_100Mpc,12.8,r,25.708204395828144
S251112cm_100Mpc,12.8,u,30.80987711415846
S251112cm_100Mpc,12.8,y,22.51058486732709
S251112cm_100Mpc,12.8,z,23.452985093448767
S251112cm_100Mpc,12.9,g,28.22299441811353
S251112cm_100Mpc,12.9,i,24.365018390378168
S251112cm_100Mpc,12.9,r,25.772458685548543
S251112cm_100Mpc,12.9,u,30.87373280378234
S251112cm_100Mpc,12.9,y,22.547730374311076
S251112cm_100Mpc,12.9,z,23.494891356445557
S251112cm_100Mpc,13.0,g,28.300205899831976
S251112cm_100Mpc,13.0,i,24.416095494551257
S251112cm_100Mpc,13.0,r,25.836580291001553
S251112cm_100Mpc,13.0,u,30.936040583847966
S251112cm_100Mpc,13.0,y,22.584492927989984
S251112cm_100Mpc,13.0,z,23.53638522938582
S251112cm_100Mpc,13.1,g,28.376370261768827
S251112cm_100Mpc,13.1,i,24.46661307407049
S251112cm_100Mpc,13.1,r,25.900387459175548
S251112cm_100Mpc,13.1,u,30.99635678718249
S251112cm_100Mpc,13.1,y,22.620715532901265
S251112cm_100Mpc,13.1,z,23.577311632314604
S251112cm_100Mpc,13.200000000000001,g,28.451203910737277
S251112cm_100Mpc,13.200000000000001,i,24.51645877791071
S251112cm_100Mpc,13.200000000000001,r,25.963769112192765
S251112cm_100Mpc,13.200000000000001,u,31.05435240260226
S251112cm_100Mpc,13.200000000000001,y,22.656284994855977
S251112cm_100Mpc,13.200000000000001,z,23.61755680786715
S251112cm_100Mpc,13.3,g,28.524549375040472
S251112cm_100Mpc,13.3,i,24.565580925054128
S251112cm_100Mpc,13.3,r,26.02669299068134
S251112cm_100Mpc,13.3,u,31.109847112494993
S251112cm_100Mpc,13.3,y,22.69114058729464
S251112cm_100Mpc,13.3,z,23.657067495198287
S251112cm_100Mpc,13.4,g,28.596392910636123
S251112cm_100Mpc,13.4,i,24.613986147783066
S251112cm_100Mpc,13.4,r,26.089200462032526
S251112cm_100Mpc,13.4,u,31.162789307387623
S251112cm_100Mpc,13.4,y,22.725270895152782
S251112cm_100Mpc,13.4,z,23.69583534603789
S251112cm_100Mpc,13.5,g,28.666821011135003
S251112cm_100Mpc,13.5,i,24.661727561351693
S251112cm_100Mpc,13.5,r,26.151388862159514
S251112cm_100Mpc,13.5,u,31.213248880861105
S251112cm_100Mpc,13.5,y,22.75871083614216
S251112cm_100Mpc,13.5,z,23.733899771665275
S251112cm_100Mpc,13.6,g,28.736010906160402
S251112cm_100Mpc,13.6,i,24.7088987140471
S251112cm_100Mpc,13.6,r,26.213406009719492
S251112cm_100Mpc,13.6,u,31.261393516367075
S251112cm_100Mpc,13.6,y,22.79152123469856
S251112cm_100Mpc,13.6,z,23.771337037869735
S251112cm_100Mpc,13.700000000000001,g,28.804197433296622
S251112cm_100Mpc,13.700000000000001,i,24.755615098402856
S251112cm_100Mpc,13.700000000000001,r,26.275422890002787
S251112cm_100Mpc,13.700000000000001,u,31.30745271269711
S251112cm_100Mpc,13.700000000000001,y,22.823794606422286
S251112cm_100Mpc,13.700000000000001,z,23.808241531530218
S251112cm_100Mpc,13.8,g,28.871642511063207
S251112cm_100Mpc,13.8,i,24.802002937513095
S251112cm_100Mpc,13.8,r,26.337613706263337
S251112cm_100Mpc,13.8,u,31.351704003927647
S251112cm_100Mpc,13.8,y,22.855631399298314
S251112cm_100Mpc,13.8,z,23.844721041757705
S251112cm_100Mpc,13.9,g,28.938601576192035
S251112cm_100Mpc,13.9,i,24.848184059445813
S251112cm_100Mpc,13.9,r,26.400135799089895
S251112cm_100Mpc,13.9,u,31.39442634508342
S251112cm_100Mpc,13.9,y,22.887129634835386
S251112cm_100Mpc,13.9,z,23.88088381504322
S251112cm_100Mpc,14.0,g,29.005302870516886
S251112cm_100Mpc,14.0,i,24.894260315856997
S251112cm_100Mpc,14.0,r,26.463113001008544
S251112cm_100Mpc,14.0,u,31.435890316700352
S251112cm_100Mpc,14.0,y,22.9183836433386
S251112cm_100Mpc,14.0,z,23.91682217379134
